Item_ID,Target
YOSHTLYNYOSHZZ_11_2021,0
YOSHTLYNYOSHZZ_12_2021,0
YOSHTLYNYOSHZZ_1_2022,0
YOSHTLYNYOSHZZ_2_2022,0
YOSHRENECARL_11_2021,0
YOSHRENECARL_12_2021,0
YOSHRENECARL_1_2022,0
YOSHRENECARL_2_2022,0
YOSHLEENBART_11_2021,0
YOSHLEENBART_12_2021,0
YOSHLEENBART_1_2022,0
YOSHLEENBART_2_2022,0
YOSHILSEHOWAZZ_11_2021,0
YOSHILSEHOWAZZ_12_2021,0
YOSHILSEHOWAZZ_1_2022,0
YOSHILSEHOWAZZ_2_2022,0
WHITSHIAALBEZZ_11_2021,0
WHITSHIAALBEZZ_12_2021,0
WHITSHIAALBEZZ_1_2022,0
WHITSHIAALBEZZ_2_2022,0
WHITOLPHKAITZZ_11_2021,0
WHITOLPHKAITZZ_12_2021,0
WHITOLPHKAITZZ_1_2022,0
WHITOLPHKAITZZ_2_2022,0
WHITESHAMITCZZ_11_2021,0
WHITESHAMITCZZ_12_2021,0
WHITESHAMITCZZ_1_2022,0
WHITESHAMITCZZ_2_2022,0
WHITENNEANHZZ_11_2021,0
WHITENNEANHZZ_12_2021,0
WHITENNEANHZZ_1_2022,0
WHITENNEANHZZ_2_2022,0
WHITEENAREVA_11_2021,0
WHITEENAREVA_12_2021,0
WHITEENAREVA_1_2022,0
WHITEENAREVA_2_2022,0
WALLUTHEGRAHZZ_11_2021,0
WALLUTHEGRAHZZ_12_2021,0
WALLUTHEGRAHZZ_1_2022,0
WALLUTHEGRAHZZ_2_2022,0
WALLUDIETERRZZ_11_2021,0
WALLUDIETERRZZ_12_2021,0
WALLUDIETERRZZ_1_2022,0
WALLUDIETERRZZ_2_2022,0
WALLNALDDUAN_11_2021,0
WALLNALDDUAN_12_2021,0
WALLNALDDUAN_1_2022,0
WALLNALDDUAN_2_2022,0
WALLLIAMSUDI_11_2021,0
WALLLIAMSUDI_12_2021,0
WALLLIAMSUDI_1_2022,0
WALLLIAMSUDI_2_2022,0
WALLHORARUBYZZ_11_2021,0
WALLHORARUBYZZ_12_2021,0
WALLHORARUBYZZ_1_2022,0
WALLHORARUBYZZ_2_2022,0
WALLHAELARLEZZ_11_2021,0
WALLHAELARLEZZ_12_2021,0
WALLHAELARLEZZ_1_2022,0
WALLHAELARLEZZ_2_2022,0
WALLANDALEAN_11_2021,0
WALLANDALEAN_12_2021,0
WALLANDALEAN_1_2022,0
WALLANDALEAN_2_2022,0
TRANNARDCARLZZ_11_2021,0
TRANNARDCARLZZ_12_2021,0
TRANNARDCARLZZ_1_2022,0
TRANNARDCARLZZ_2_2022,0
TRANETTEALONZZ_11_2021,0
TRANETTEALONZZ_12_2021,0
TRANETTEALONZZ_1_2022,0
TRANETTEALONZZ_2_2022,0
THORRISAJULIZZ_11_2021,0
THORRISAJULIZZ_12_2021,0
THORRISAJULIZZ_1_2022,0
THORRISAJULIZZ_2_2022,0
TERRUTHEHARLZZ_11_2021,0
TERRUTHEHARLZZ_12_2021,0
TERRUTHEHARLZZ_1_2022,0
TERRUTHEHARLZZ_2_2022,0
TERRETHAARMA_11_2021,0
TERRETHAARMA_12_2021,0
TERRETHAARMA_1_2022,0
TERRETHAARMA_2_2022,0
SUNDSHIESUNDZZ_11_2021,0
SUNDSHIESUNDZZ_12_2021,0
SUNDSHIESUNDZZ_1_2022,0
SUNDSHIESUNDZZ_2_2022,0
SUNDSAACETHAZZ_11_2021,0
SUNDSAACETHAZZ_12_2021,0
SUNDSAACETHAZZ_1_2022,0
SUNDSAACETHAZZ_2_2022,0
SUNDROBBART_11_2021,0
SUNDROBBART_12_2021,0
SUNDROBBART_1_2022,0
SUNDROBBART_2_2022,0
SUNDRENEASHLZZ_11_2021,0
SUNDRENEASHLZZ_12_2021,0
SUNDRENEASHLZZ_1_2022,0
SUNDRENEASHLZZ_2_2022,0
SUNDBARTLEATZZ_11_2021,0
SUNDBARTLEATZZ_12_2021,0
SUNDBARTLEATZZ_1_2022,0
SUNDBARTLEATZZ_2_2022,0
SUDIUANEARLE_11_2021,0
SUDIUANEARLE_12_2021,0
SUDIUANEARLE_1_2022,0
SUDIUANEARLE_2_2022,0
SUDISHIEELLY_11_2021,0
SUDISHIEELLY_12_2021,0
SUDISHIEELLY_1_2022,0
SUDISHIEELLY_2_2022,0
SUDIEIDAYOSH_11_2021,0
SUDIEIDAYOSH_12_2021,0
SUDIEIDAYOSH_1_2022,0
SUDIEIDAYOSH_2_2022,0
SIGRRTIENOLAZZ_11_2021,0
SIGRRTIENOLAZZ_12_2021,0
SIGRRTIENOLAZZ_1_2022,0
SIGRRTIENOLAZZ_2_2022,0
SIGRREYHOWA_11_2021,0
SIGRREYHOWA_12_2021,0
SIGRREYHOWA_1_2022,0
SIGRREYHOWA_2_2022,0
SIGRMULASUDI_11_2021,0
SIGRMULASUDI_12_2021,0
SIGRMULASUDI_1_2022,0
SIGRMULASUDI_2_2022,0
SIGRMBERCARL_11_2021,0
SIGRMBERCARL_12_2021,0
SIGRMBERCARL_1_2022,0
SIGRMBERCARL_2_2022,0
SIGRERRYARTIZZ_11_2021,0
SIGRERRYARTIZZ_12_2021,0
SIGRERRYARTIZZ_1_2022,0
SIGRERRYARTIZZ_2_2022,0
SHERTTNYNOLAZZ_11_2021,0
SHERTTNYNOLAZZ_12_2021,0
SHERTTNYNOLAZZ_1_2022,0
SHERTTNYNOLAZZ_2_2022,0
SHERANDARIGOZZ_11_2021,0
SHERANDARIGOZZ_12_2021,0
SHERANDARIGOZZ_1_2022,0
SHERANDARIGOZZ_2_2022,0
SAMATNEYANTOZZ_11_2021,0
SAMATNEYANTOZZ_12_2021,0
SAMATNEYANTOZZ_1_2022,0
SAMATNEYANTOZZ_2_2022,0
SAMATINEWHIT_11_2021,0
SAMATINEWHIT_12_2021,0
SAMATINEWHIT_1_2022,0
SAMATINEWHIT_2_2022,0
SAMARTHAMAXIZZ_11_2021,0
SAMARTHAMAXIZZ_12_2021,0
SAMARTHAMAXIZZ_1_2022,0
SAMARTHAMAXIZZ_2_2022,0
SAMANDAYLAZA_11_2021,0
SAMANDAYLAZA_12_2021,0
SAMANDAYLAZA_1_2022,0
SAMANDAYLAZA_2_2022,0
SAMABARTRUTHZZ_11_2021,0
SAMABARTRUTHZZ_12_2021,0
SAMABARTRUTHZZ_1_2022,0
SAMABARTRUTHZZ_2_2022,0
RUTHMULASUDI_11_2021,0
RUTHMULASUDI_12_2021,0
RUTHMULASUDI_1_2022,0
RUTHMULASUDI_2_2022,0
RUTHMONDARMAZZ_11_2021,0
RUTHMONDARMAZZ_12_2021,0
RUTHMONDARMAZZ_1_2022,0
RUTHMONDARMAZZ_2_2022,0
RUTHILDAREVA_11_2021,0
RUTHILDAREVA_12_2021,0
RUTHILDAREVA_1_2022,0
RUTHILDAREVA_2_2022,0
RUTHELLYCATHZZ_11_2021,0
RUTHELLYCATHZZ_12_2021,0
RUTHELLYCATHZZ_1_2022,0
RUTHELLYCATHZZ_2_2022,0
RUTHATHALAZAZZ_11_2021,0
RUTHATHALAZAZZ_12_2021,0
RUTHATHALAZAZZ_1_2022,0
RUTHATHALAZAZZ_2_2022,0
RUDOZAROANIBZZ_11_2021,0
RUDOZAROANIBZZ_12_2021,0
RUDOZAROANIBZZ_1_2022,0
RUDOZAROANIBZZ_2_2022,0
RUDOXIMOYOSHZZ_11_2021,0
RUDOXIMOYOSHZZ_12_2021,0
RUDOXIMOYOSHZZ_1_2022,0
RUDOXIMOYOSHZZ_2_2022,0
RUDOCHELLYNE_11_2021,0
RUDOCHELLYNE_12_2021,0
RUDOCHELLYNE_1_2022,0
RUDOCHELLYNE_2_2022,0
RUDOALLYCATH_11_2021,0
RUDOALLYCATH_12_2021,0
RUDOALLYCATH_1_2022,0
RUDOALLYCATH_2_2022,0
RUBYUDIEMAXIZZ_11_2021,0
RUBYUDIEMAXIZZ_12_2021,0
RUBYUDIEMAXIZZ_1_2022,0
RUBYUDIEMAXIZZ_2_2022,0
RUBYEDESJEANZZ_11_2021,0
RUBYEDESJEANZZ_12_2021,0
RUBYEDESJEANZZ_1_2022,0
RUBYEDESJEANZZ_2_2022,0
RUBYARTNOLAZZ_11_2021,0
RUBYARTNOLAZZ_12_2021,0
RUBYARTNOLAZZ_1_2022,0
RUBYARTNOLAZZ_2_2022,0
ROSEINDIPENNZZ_11_2021,0
ROSEINDIPENNZZ_12_2021,0
ROSEINDIPENNZZ_1_2022,0
ROSEINDIPENNZZ_2_2022,0
ROSEERRYHANGZZ_11_2021,0
ROSEERRYHANGZZ_12_2021,0
ROSEERRYHANGZZ_1_2022,0
ROSEERRYHANGZZ_2_2022,0
ROBZAROCATH_11_2021,0
ROBZAROCATH_12_2021,0
ROBZAROCATH_1_2022,0
ROBZAROCATH_2_2022,0
ROBXIMOJEAN_11_2021,0
ROBXIMOJEAN_12_2021,0
ROBXIMOJEAN_1_2022,0
ROBXIMOJEAN_2_2022,0
ROBUREARUTH_11_2021,0
ROBUREARUTH_12_2021,0
ROBUREARUTH_1_2022,0
ROBUREARUTH_2_2022,0
ROBOLPHNOLAZZ_11_2021,0
ROBOLPHNOLAZZ_12_2021,0
ROBOLPHNOLAZZ_1_2022,0
ROBOLPHNOLAZZ_2_2022,0
ROBJAYEARMAZZ_11_2021,0
ROBJAYEARMAZZ_12_2021,0
ROBJAYEARMAZZ_1_2022,0
ROBJAYEARMAZZ_2_2022,0
RIGOREVACOREZZ_11_2021,0
RIGOREVACOREZZ_12_2021,0
RIGOREVACOREZZ_1_2022,0
RIGOREVACOREZZ_2_2022,0
RIGORANGTERRZZ_11_2021,0
RIGORANGTERRZZ_12_2021,0
RIGORANGTERRZZ_1_2022,0
RIGORANGTERRZZ_2_2022,0
RIGOLROYANHZZ_11_2021,0
RIGOLROYANHZZ_12_2021,0
RIGOLROYANHZZ_1_2022,0
RIGOLROYANHZZ_2_2022,0
RIGOILSEDONA_11_2021,0
RIGOILSEDONA_12_2021,0
RIGOILSEDONA_1_2022,0
RIGOILSEDONA_2_2022,0
RIGOERINABEZZ_11_2021,0
RIGOERINABEZZ_12_2021,0
RIGOERINABEZZ_1_2022,0
RIGOERINABEZZ_2_2022,0
RIGOANNALAKEZZ_11_2021,0
RIGOANNALAKEZZ_12_2021,0
RIGOANNALAKEZZ_1_2022,0
RIGOANNALAKEZZ_2_2022,0
RICKUTHESHERZZ_11_2021,0
RICKUTHESHERZZ_12_2021,0
RICKUTHESHERZZ_1_2022,0
RICKUTHESHERZZ_2_2022,0
RICKONIOCATHZZ_11_2021,0
RICKONIOCATHZZ_12_2021,0
RICKONIOCATHZZ_1_2022,0
RICKONIOCATHZZ_2_2022,0
RICKINDADESMZZ_11_2021,0
RICKINDADESMZZ_12_2021,0
RICKINDADESMZZ_1_2022,0
RICKINDADESMZZ_2_2022,0
RICKETTASUDIZZ_11_2021,0
RICKETTASUDIZZ_12_2021,0
RICKETTASUDIZZ_1_2022,0
RICKETTASUDIZZ_2_2022,0
RHEBNALDCIND_11_2021,0
RHEBNALDCIND_12_2021,0
RHEBNALDCIND_1_2022,0
RHEBNALDCIND_2_2022,0
REYXIMOMAXI_11_2021,0
REYXIMOMAXI_12_2021,0
REYXIMOMAXI_1_2022,0
REYXIMOMAXI_2_2022,0
REYRUBYDONAZZ_11_2021,0
REYRUBYDONAZZ_12_2021,0
REYRUBYDONAZZ_1_2022,0
REYRUBYDONAZZ_2_2022,0
REYRTIECARLZZ_11_2021,0
REYRTIECARLZZ_12_2021,0
REYRTIECARLZZ_1_2022,0
REYRTIECARLZZ_2_2022,0
REYORIAARLEZZ_11_2021,0
REYORIAARLEZZ_12_2021,0
REYORIAARLEZZ_1_2022,0
REYORIAARLEZZ_2_2022,0
REYIBALARLEZZ_11_2021,0
REYIBALARLEZZ_12_2021,0
REYIBALARLEZZ_1_2022,0
REYIBALARLEZZ_2_2022,0
REYETTEARLE_11_2021,0
REYETTEARLE_12_2021,0
REYETTEARLE_1_2022,0
REYETTEARLE_2_2022,0
REYELIAPENNZZ_11_2021,0
REYELIAPENNZZ_12_2021,0
REYELIAPENNZZ_1_2022,0
REYELIAPENNZZ_2_2022,0
REVAUDIEREYZZ_11_2021,0
REVAUDIEREYZZ_12_2021,0
REVAUDIEREYZZ_1_2022,0
REVAUDIEREYZZ_2_2022,0
REVALIZAMICHZZ_11_2021,0
REVALIZAMICHZZ_12_2021,0
REVALIZAMICHZZ_1_2022,0
REVALIZAMICHZZ_2_2022,0
REVAJAYENOLA_11_2021,0
REVAJAYENOLA_12_2021,0
REVAJAYENOLA_1_2022,0
REVAJAYENOLA_2_2022,0
REVAICKIBRITZZ_11_2021,0
REVAICKIBRITZZ_12_2021,0
REVAICKIBRITZZ_1_2022,0
REVAICKIBRITZZ_2_2022,0
REVAHALLAZAZZ_11_2021,0
REVAHALLAZAZZ_12_2021,0
REVAHALLAZAZZ_1_2022,0
REVAHALLAZAZZ_2_2022,0
REVAGRIDRIGO_11_2021,0
REVAGRIDRIGO_12_2021,0
REVAGRIDRIGO_1_2022,0
REVAGRIDRIGO_2_2022,0
REENZAROAUREZZ_11_2021,0
REENZAROAUREZZ_12_2021,0
REENZAROAUREZZ_1_2022,0
REENZAROAUREZZ_2_2022,0
REENOVANALBE_11_2021,0
REENOVANALBE_12_2021,0
REENOVANALBE_1_2022,0
REENOVANALBE_2_2022,0
REENNDISSUDIZZ_11_2021,0
REENNDISSUDIZZ_12_2021,0
REENNDISSUDIZZ_1_2022,0
REENNDISSUDIZZ_2_2022,0
REENNDISRICKZZ_11_2021,0
REENNDISRICKZZ_12_2021,0
REENNDISRICKZZ_1_2022,0
REENNDISRICKZZ_2_2022,0
REENMARXKAIT_11_2021,0
REENMARXKAIT_12_2021,0
REENMARXKAIT_1_2022,0
REENMARXKAIT_2_2022,0
REENESHAALON_11_2021,0
REENESHAALON_12_2021,0
REENESHAALON_1_2022,0
REENESHAALON_2_2022,0
REENBARTLEANZZ_11_2021,0
REENBARTLEANZZ_12_2021,0
REENBARTLEANZZ_1_2022,0
REENBARTLEANZZ_2_2022,0
PENNOVANLILL_11_2021,0
PENNOVANLILL_12_2021,0
PENNOVANLILL_1_2022,0
PENNOVANLILL_2_2022,0
PENNANNABARTZZ_11_2021,0
PENNANNABARTZZ_12_2021,0
PENNANNABARTZZ_1_2022,0
PENNANNABARTZZ_2_2022,0
PAMUUREAELIZZZ_11_2021,0
PAMUUREAELIZZZ_12_2021,0
PAMUUREAELIZZZ_1_2022,0
PAMUUREAELIZZZ_2_2022,0
PAMUUREAELIZ_11_2021,0
PAMUUREAELIZ_12_2021,0
PAMUUREAELIZ_1_2022,0
PAMUUREAELIZ_2_2022,0
PAMULONAJAYEZZ_11_2021,0
PAMULONAJAYEZZ_12_2021,0
PAMULONAJAYEZZ_1_2022,0
PAMULONAJAYEZZ_2_2022,0
PAMUEIDAASHL_11_2021,0
PAMUEIDAASHL_12_2021,0
PAMUEIDAASHL_1_2022,0
PAMUEIDAASHL_2_2022,0
PAMUABEARVIZZ_11_2021,0
PAMUABEARVIZZ_12_2021,0
PAMUABEARVIZZ_1_2022,0
PAMUABEARVIZZ_2_2022,0
ONEILONACARL_11_2021,0
ONEILONACARL_12_2021,0
ONEILONACARL_1_2022,0
ONEILONACARL_2_2022,0
ONEILENEILEEZZ_11_2021,0
ONEILENEILEEZZ_12_2021,0
ONEILENEILEEZZ_1_2022,0
ONEILENEILEEZZ_2_2022,0
NOVERTIEWALLZZ_11_2021,0
NOVERTIEWALLZZ_12_2021,0
NOVERTIEWALLZZ_1_2022,0
NOVERTIEWALLZZ_2_2022,0
NOVERENEETHAZZ_11_2021,0
NOVERENEETHAZZ_12_2021,0
NOVERENEETHAZZ_1_2022,0
NOVERENEETHAZZ_2_2022,0
NOVELIZAANHZZ_11_2021,0
NOVELIZAANHZZ_12_2021,0
NOVELIZAANHZZ_1_2022,0
NOVELIZAANHZZ_2_2022,0
NOVEETHAROBZZ_11_2021,0
NOVEETHAROBZZ_12_2021,0
NOVEETHAROBZZ_1_2022,0
NOVEETHAROBZZ_2_2022,0
NOVEERINKAIT_11_2021,0
NOVEERINKAIT_12_2021,0
NOVEERINKAIT_1_2022,0
NOVEERINKAIT_2_2022,0
NOVEATHAASHLZZ_11_2021,0
NOVEATHAASHLZZ_12_2021,0
NOVEATHAASHLZZ_1_2022,0
NOVEATHAASHLZZ_2_2022,0
NOVEARLADUAN_11_2021,0
NOVEARLADUAN_12_2021,0
NOVEARLADUAN_1_2022,0
NOVEARLADUAN_2_2022,0
NOLATNEYMARXZZ_11_2021,0
NOLATNEYMARXZZ_12_2021,0
NOLATNEYMARXZZ_1_2022,0
NOLATNEYMARXZZ_2_2022,0
NOLAHEBADUANZZ_11_2021,0
NOLAHEBADUANZZ_12_2021,0
NOLAHEBADUANZZ_1_2022,0
NOLAHEBADUANZZ_2_2022,0
MITCNOLAJULI_11_2021,0
MITCNOLAJULI_12_2021,0
MITCNOLAJULI_1_2022,0
MITCNOLAJULI_2_2022,0
MITCKEVAALBE_11_2021,0
MITCKEVAALBE_12_2021,0
MITCKEVAALBE_1_2022,0
MITCKEVAALBE_2_2022,0
MITCERTOKEVA_11_2021,0
MITCERTOKEVA_12_2021,0
MITCERTOKEVA_1_2022,0
MITCERTOKEVA_2_2022,0
MITCELLATERR_11_2021,0
MITCELLATERR_12_2021,0
MITCELLATERR_1_2022,0
MITCELLATERR_2_2022,0
MICHRTIEJEAN_11_2021,0
MICHRTIEJEAN_12_2021,0
MICHRTIEJEAN_1_2022,0
MICHRTIEJEAN_2_2022,0
MICHMULAASHLZZ_11_2021,0
MICHMULAASHLZZ_12_2021,0
MICHMULAASHLZZ_1_2022,0
MICHMULAASHLZZ_2_2022,0
MICHICKIKARR_11_2021,0
MICHICKIKARR_12_2021,0
MICHICKIKARR_1_2022,0
MICHICKIKARR_2_2022,0
MICHEDESKAIT_11_2021,0
MICHEDESKAIT_12_2021,0
MICHEDESKAIT_1_2022,0
MICHEDESKAIT_2_2022,0
MERCTTNYMERCZZ_11_2021,0
MERCTTNYMERCZZ_12_2021,0
MERCTTNYMERCZZ_1_2022,0
MERCTTNYMERCZZ_2_2022,0
MERCTTNYLEAT_11_2021,0
MERCTTNYLEAT_12_2021,0
MERCTTNYLEAT_1_2022,0
MERCTTNYLEAT_2_2022,0
MERCSAACJULI_11_2021,0
MERCSAACJULI_12_2021,0
MERCSAACJULI_1_2022,0
MERCSAACJULI_2_2022,0
MERCNDAYLEAN_11_2021,0
MERCNDAYLEAN_12_2021,0
MERCNDAYLEAN_1_2022,0
MERCNDAYLEAN_2_2022,0
MERCMARXISAAZZ_11_2021,0
MERCMARXISAAZZ_12_2021,0
MERCMARXISAAZZ_1_2022,0
MERCMARXISAAZZ_2_2022,0
MERCIBALKEVA_11_2021,0
MERCIBALKEVA_12_2021,0
MERCIBALKEVA_1_2022,0
MERCIBALKEVA_2_2022,0
MERCHLIEHARLZZ_11_2021,0
MERCHLIEHARLZZ_12_2021,0
MERCHLIEHARLZZ_1_2022,0
MERCHLIEHARLZZ_2_2022,0
MAYNINDALAZA_11_2021,0
MAYNINDALAZA_12_2021,0
MAYNINDALAZA_1_2022,0
MAYNINDALAZA_2_2022,0
MAYNHEBARUTH_11_2021,0
MAYNHEBARUTH_12_2021,0
MAYNHEBARUTH_1_2022,0
MAYNHEBARUTH_2_2022,0
MAYNHAELRIGO_11_2021,0
MAYNHAELRIGO_12_2021,0
MAYNHAELRIGO_1_2022,0
MAYNHAELRIGO_2_2022,0
MAYNETHATERR_11_2021,0
MAYNETHATERR_12_2021,0
MAYNETHATERR_1_2022,0
MAYNETHATERR_2_2022,0
MAYNERTOILEE_11_2021,0
MAYNERTOILEE_12_2021,0
MAYNERTOILEE_1_2022,0
MAYNERTOILEE_2_2022,0
MAXIVETAAMBE_11_2021,0
MAXIVETAAMBE_12_2021,0
MAXIVETAAMBE_1_2022,0
MAXIVETAAMBE_2_2022,0
MAXITINEREVAZZ_11_2021,0
MAXITINEREVAZZ_12_2021,0
MAXITINEREVAZZ_1_2022,0
MAXITINEREVAZZ_2_2022,0
MAXIRUBYDESM_11_2021,0
MAXIRUBYDESM_12_2021,0
MAXIRUBYDESM_1_2022,0
MAXIRUBYDESM_2_2022,0
MAXIOVANLAKE_11_2021,0
MAXIOVANLAKE_12_2021,0
MAXIOVANLAKE_1_2022,0
MAXIOVANLAKE_2_2022,0
MAXIGRIDABEZZ_11_2021,0
MAXIGRIDABEZZ_12_2021,0
MAXIGRIDABEZZ_1_2022,0
MAXIGRIDABEZZ_2_2022,0
MAXIEENAKATHZZ_11_2021,0
MAXIEENAKATHZZ_12_2021,0
MAXIEENAKATHZZ_1_2022,0
MAXIEENAKATHZZ_2_2022,0
MARXORIASIGRZZ_11_2021,0
MARXORIASIGRZZ_12_2021,0
MARXORIASIGRZZ_1_2022,0
MARXORIASIGRZZ_2_2022,0
MARXORIASIGR_11_2021,0
MARXORIASIGR_12_2021,0
MARXORIASIGR_1_2022,0
MARXORIASIGR_2_2022,0
MARXMONDHALZZ_11_2021,0
MARXMONDHALZZ_12_2021,0
MARXMONDHALZZ_1_2022,0
MARXMONDHALZZ_2_2022,0
MARXENNEISAAZZ_11_2021,0
MARXENNEISAAZZ_12_2021,0
MARXENNEISAAZZ_1_2022,0
MARXENNEISAAZZ_2_2022,0
MALILIAMBART_11_2021,0
MALILIAMBART_12_2021,0
MALILIAMBART_1_2022,0
MALILIAMBART_2_2022,0
MALIHEBAYOSHZZ_11_2021,0
MALIHEBAYOSHZZ_12_2021,0
MALIHEBAYOSHZZ_1_2022,0
MALIHEBAYOSHZZ_2_2022,0
MALIERTORIGOZZ_11_2021,0
MALIERTORIGOZZ_12_2021,0
MALIERTORIGOZZ_1_2022,0
MALIERTORIGOZZ_2_2022,0
MALIEENAKEVA_11_2021,0
MALIEENAKEVA_12_2021,0
MALIEENAKEVA_1_2022,0
MALIEENAKEVA_2_2022,0
MALIARLARHEBZZ_11_2021,0
MALIARLARHEBZZ_12_2021,0
MALIARLARHEBZZ_1_2022,0
MALIARLARHEBZZ_2_2022,0
MALIANDAKRISZZ_11_2021,0
MALIANDAKRISZZ_12_2021,0
MALIANDAKRISZZ_1_2022,0
MALIANDAKRISZZ_2_2022,0
MALIAHAMRICK_11_2021,0
MALIAHAMRICK_12_2021,0
MALIAHAMRICK_1_2022,0
MALIAHAMRICK_2_2022,0
LYNEUTHELAKE_11_2021,0
LYNEUTHELAKE_12_2021,0
LYNEUTHELAKE_1_2022,0
LYNEUTHELAKE_2_2022,0
LYNESAACELROZZ_11_2021,0
LYNESAACELROZZ_12_2021,0
LYNESAACELROZZ_1_2022,0
LYNESAACELROZZ_2_2022,0
LYNERRONCANDZZ_11_2021,0
LYNERRONCANDZZ_12_2021,0
LYNERRONCANDZZ_1_2022,0
LYNERRONCANDZZ_2_2022,0
LYNEHEBACANDZZ_11_2021,0
LYNEHEBACANDZZ_12_2021,0
LYNEHEBACANDZZ_1_2022,0
LYNEHEBACANDZZ_2_2022,0
LUANTLYNRIGOZZ_11_2021,0
LUANTLYNRIGOZZ_12_2021,0
LUANTLYNRIGOZZ_1_2022,0
LUANTLYNRIGOZZ_2_2022,0
LUANRANGBRITZZ_11_2021,0
LUANRANGBRITZZ_12_2021,0
LUANRANGBRITZZ_1_2022,0
LUANRANGBRITZZ_2_2022,0
LUANANNAROBZZ_11_2021,0
LUANANNAROBZZ_12_2021,0
LUANANNAROBZZ_1_2022,0
LUANANNAROBZZ_2_2022,0
LILLRRONALBEZZ_11_2021,0
LILLRRONALBEZZ_12_2021,0
LILLRRONALBEZZ_1_2022,0
LILLRRONALBEZZ_2_2022,0
LILLRRONALBE_11_2021,0
LILLRRONALBE_12_2021,0
LILLRRONALBE_1_2022,0
LILLRRONALBE_2_2022,0
LILLRENENOVEZZ_11_2021,0
LILLRENENOVEZZ_12_2021,0
LILLRENENOVEZZ_1_2022,0
LILLRENENOVEZZ_2_2022,0
LILLLIZAARMA_11_2021,0
LILLLIZAARMA_12_2021,0
LILLLIZAARMA_1_2022,0
LILLLIZAARMA_2_2022,0
LILLICKIERICZZ_11_2021,0
LILLICKIERICZZ_12_2021,0
LILLICKIERICZZ_1_2022,0
LILLICKIERICZZ_2_2022,0
LILLETTEROSEZZ_11_2021,0
LILLETTEROSEZZ_12_2021,0
LILLETTEROSEZZ_1_2022,0
LILLETTEROSEZZ_2_2022,0
LILLCHELCOLL_11_2021,0
LILLCHELCOLL_12_2021,0
LILLCHELCOLL_1_2022,0
LILLCHELCOLL_2_2022,0
LILLATHARIGO_11_2021,0
LILLATHARIGO_12_2021,0
LILLATHARIGO_1_2022,0
LILLATHARIGO_2_2022,0
LEATSHIABRITZZ_11_2021,0
LEATSHIABRITZZ_12_2021,0
LEATSHIABRITZZ_1_2022,0
LEATSHIABRITZZ_2_2022,0
LEATREYROSEZZ_11_2021,0
LEATREYROSEZZ_12_2021,0
LEATREYROSEZZ_1_2022,0
LEATREYROSEZZ_2_2022,0
LEATILSEDONOZZ_11_2021,0
LEATILSEDONOZZ_12_2021,0
LEATILSEDONOZZ_1_2022,0
LEATILSEDONOZZ_2_2022,0
LEANVETADESMZZ_11_2021,0
LEANVETADESMZZ_12_2021,0
LEANVETADESMZZ_1_2022,0
LEANVETADESMZZ_2_2022,0
LEANVETADESM_11_2021,0
LEANVETADESM_12_2021,0
LEANVETADESM_1_2022,0
LEANVETADESM_2_2022,0
LAZASHIEMAYNZZ_11_2021,0
LAZASHIEMAYNZZ_12_2021,0
LAZASHIEMAYNZZ_1_2022,0
LAZASHIEMAYNZZ_2_2022,0
LAZANOLAWHIT_11_2021,0
LAZANOLAWHIT_12_2021,0
LAZANOLAWHIT_1_2022,0
LAZANOLAWHIT_2_2022,0
LAZAJENEONEI_11_2021,0
LAZAJENEONEI_12_2021,0
LAZAJENEONEI_1_2022,0
LAZAJENEONEI_2_2022,0
LAZAANHNOLAZZ_11_2021,0
LAZAANHNOLAZZ_12_2021,0
LAZAANHNOLAZZ_1_2022,0
LAZAANHNOLAZZ_2_2022,0
LAZAABELEAN_11_2021,0
LAZAABELEAN_12_2021,0
LAZAABELEAN_1_2022,0
LAZAABELEAN_2_2022,0
LAVEWARDDUAN_11_2021,0
LAVEWARDDUAN_12_2021,0
LAVEWARDDUAN_1_2022,0
LAVEWARDDUAN_2_2022,0
LAVEORIARUBYZZ_11_2021,0
LAVEORIARUBYZZ_12_2021,0
LAVEORIARUBYZZ_1_2022,0
LAVEORIARUBYZZ_2_2022,0
LAVENORAKAIT_11_2021,0
LAVENORAKAIT_12_2021,0
LAVENORAKAIT_1_2022,0
LAVENORAKAIT_2_2022,0
LAVELEENKRISZZ_11_2021,0
LAVELEENKRISZZ_12_2021,0
LAVELEENKRISZZ_1_2022,0
LAVELEENKRISZZ_2_2022,0
LAVEHALARLEZZ_11_2021,0
LAVEHALARLEZZ_12_2021,0
LAVEHALARLEZZ_1_2022,0
LAVEHALARLEZZ_2_2022,0
LAVEETTEBRIT_11_2021,0
LAVEETTEBRIT_12_2021,0
LAVEETTEBRIT_1_2022,0
LAVEETTEBRIT_2_2022,0
LARIONIODONO_11_2021,0
LARIONIODONO_12_2021,0
LARIONIODONO_1_2022,0
LARIONIODONO_2_2022,0
LARINARDJULIZZ_11_2021,0
LARINARDJULIZZ_12_2021,0
LARINARDJULIZZ_1_2022,0
LARINARDJULIZZ_2_2022,0
LARILENEWHIT_11_2021,0
LARILENEWHIT_12_2021,0
LARILENEWHIT_1_2022,0
LARILENEWHIT_2_2022,0
LARIICKILAKEZZ_11_2021,0
LARIICKILAKEZZ_12_2021,0
LARIICKILAKEZZ_1_2022,0
LARIICKILAKEZZ_2_2022,0
LARIETTAMALIZZ_11_2021,0
LARIETTAMALIZZ_12_2021,0
LARIETTAMALIZZ_1_2022,0
LARIETTAMALIZZ_2_2022,0
LAKERENERHEBZZ_11_2021,0
LAKERENERHEBZZ_12_2021,0
LAKERENERHEBZZ_1_2022,0
LAKERENERHEBZZ_2_2022,0
LAKENDISHANGZZ_11_2021,0
LAKENDISHANGZZ_12_2021,0
LAKENDISHANGZZ_1_2022,0
LAKENDISHANGZZ_2_2022,0
LAKENDAYRICK_11_2021,0
LAKENDAYRICK_12_2021,0
LAKENDAYRICK_1_2022,0
LAKENDAYRICK_2_2022,0
LAKEMARXELLY_11_2021,0
LAKEMARXELLY_12_2021,0
LAKEMARXELLY_1_2022,0
LAKEMARXELLY_2_2022,0
LAKEHORAARLEZZ_11_2021,0
LAKEHORAARLEZZ_12_2021,0
LAKEHORAARLEZZ_1_2022,0
LAKEHORAARLEZZ_2_2022,0
LAKEATHAARTIZZ_11_2021,0
LAKEATHAARTIZZ_12_2021,0
LAKEATHAARTIZZ_1_2022,0
LAKEATHAARTIZZ_2_2022,0
KRISRRIEHAL_11_2021,0
KRISRRIEHAL_12_2021,0
KRISRRIEHAL_1_2022,0
KRISRRIEHAL_2_2022,0
KRISARTRHEBZZ_11_2021,0
KRISARTRHEBZZ_12_2021,0
KRISARTRHEBZZ_1_2022,0
KRISARTRHEBZZ_2_2022,0
KEVASHIEMARX_11_2021,0
KEVASHIEMARX_12_2021,0
KEVASHIEMARX_1_2022,0
KEVASHIEMARX_2_2022,0
KEVAROBRIGO_11_2021,0
KEVAROBRIGO_12_2021,0
KEVAROBRIGO_1_2022,0
KEVAROBRIGO_2_2022,0
KEVALIZAARTIZZ_11_2021,0
KEVALIZAARTIZZ_12_2021,0
KEVALIZAARTIZZ_1_2022,0
KEVALIZAARTIZZ_2_2022,0
KATHTNEYMICH_11_2021,0
KATHTNEYMICH_12_2021,0
KATHTNEYMICH_1_2022,0
KATHTNEYMICH_2_2022,0
KATHEDESANTOZZ_11_2021,0
KATHEDESANTOZZ_12_2021,0
KATHEDESANTOZZ_1_2022,0
KATHEDESANTOZZ_2_2022,0
KATHABEMERC_11_2021,0
KATHABEMERC_12_2021,0
KATHABEMERC_1_2022,0
KATHABEMERC_2_2022,0
KARRXIMONOLAZZ_11_2021,0
KARRXIMONOLAZZ_12_2021,0
KARRXIMONOLAZZ_1_2022,0
KARRXIMONOLAZZ_2_2022,0
KARRVETARUBY_11_2021,0
KARRVETARUBY_12_2021,0
KARRVETARUBY_1_2022,0
KARRVETARUBY_2_2022,0
KARROLPHLILL_11_2021,0
KARROLPHLILL_12_2021,0
KARROLPHLILL_1_2022,0
KARROLPHLILL_2_2022,0
KARRLENETRANZZ_11_2021,0
KARRLENETRANZZ_12_2021,0
KARRLENETRANZZ_1_2022,0
KARRLENETRANZZ_2_2022,0
KARRKEVAJEANZZ_11_2021,0
KARRKEVAJEANZZ_12_2021,0
KARRKEVAJEANZZ_1_2022,0
KARRKEVAJEANZZ_2_2022,0
KARRAHAMDONA_11_2021,0
KARRAHAMDONA_12_2021,0
KARRAHAMDONA_1_2022,0
KARRAHAMDONA_2_2022,0
KAITVETADUANZZ_11_2021,0
KAITVETADUANZZ_12_2021,0
KAITVETADUANZZ_1_2022,0
KAITVETADUANZZ_2_2022,0
KAITINDAJULI_11_2021,0
KAITINDAJULI_12_2021,0
KAITINDAJULI_1_2022,0
KAITINDAJULI_2_2022,0
JULILIANANHZZ_11_2021,0
JULILIANANHZZ_12_2021,0
JULILIANANHZZ_1_2022,0
JULILIANANHZZ_2_2022,0
JULIINDIGILDZZ_11_2021,0
JULIINDIGILDZZ_12_2021,0
JULIINDIGILDZZ_1_2022,0
JULIINDIGILDZZ_2_2022,0
JULIETTEAURE_11_2021,0
JULIETTEAURE_12_2021,0
JULIETTEAURE_1_2022,0
JULIETTEAURE_2_2022,0
JULIERINKARRZZ_11_2021,0
JULIERINKARRZZ_12_2021,0
JULIERINKARRZZ_1_2022,0
JULIERINKARRZZ_2_2022,0
JENEMBERYOSHZZ_11_2021,0
JENEMBERYOSHZZ_12_2021,0
JENEMBERYOSHZZ_1_2022,0
JENEMBERYOSHZZ_2_2022,0
JEANVETARICKZZ_11_2021,0
JEANVETARICKZZ_12_2021,0
JEANVETARICKZZ_1_2022,0
JEANVETARICKZZ_2_2022,0
JEANOVANMICHZZ_11_2021,0
JEANOVANMICHZZ_12_2021,0
JEANOVANMICHZZ_1_2022,0
JEANOVANMICHZZ_2_2022,0
JEANERTOHALZZ_11_2021,0
JEANERTOHALZZ_12_2021,0
JEANERTOHALZZ_1_2022,0
JEANERTOHALZZ_2_2022,0
JEANAHAMJAYEZZ_11_2021,0
JEANAHAMJAYEZZ_12_2021,0
JEANAHAMJAYEZZ_1_2022,0
JEANAHAMJAYEZZ_2_2022,0
JAYESAACRUTH_11_2021,0
JAYESAACRUTH_12_2021,0
JAYESAACRUTH_1_2022,0
JAYESAACRUTH_2_2022,0
JAYEMONDROSE_11_2021,0
JAYEMONDROSE_12_2021,0
JAYEMONDROSE_1_2022,0
JAYEMONDROSE_2_2022,0
JAYEMARXAUREZZ_11_2021,0
JAYEMARXAUREZZ_12_2021,0
JAYEMARXAUREZZ_1_2022,0
JAYEMARXAUREZZ_2_2022,0
JAYEHALARLEZZ_11_2021,0
JAYEHALARLEZZ_12_2021,0
JAYEHALARLEZZ_1_2022,0
JAYEHALARLEZZ_2_2022,0
ISAARICKRHEB_11_2021,0
ISAARICKRHEB_12_2021,0
ISAARICKRHEB_1_2022,0
ISAARICKRHEB_2_2022,0
ISAAMULAMALIZZ_11_2021,0
ISAAMULAMALIZZ_12_2021,0
ISAAMULAMALIZZ_1_2022,0
ISAAMULAMALIZZ_2_2022,0
ISAALIANONEIZZ_11_2021,0
ISAALIANONEIZZ_12_2021,0
ISAALIANONEIZZ_1_2022,0
ISAALIANONEIZZ_2_2022,0
ISAALEENREVA_11_2021,0
ISAALEENREVA_12_2021,0
ISAALEENREVA_1_2022,0
ISAALEENREVA_2_2022,0
ISAAANNAJULIZZ_11_2021,0
ISAAANNAJULIZZ_12_2021,0
ISAAANNAJULIZZ_1_2022,0
ISAAANNAJULIZZ_2_2022,0
ILSERISAELIZ_11_2021,0
ILSERISAELIZ_12_2021,0
ILSERISAELIZ_1_2022,0
ILSERISAELIZ_2_2022,0
ILSELINAABEZZ_11_2021,0
ILSELINAABEZZ_12_2021,0
ILSELINAABEZZ_1_2022,0
ILSELINAABEZZ_2_2022,0
ILSEILDAKEVAZZ_11_2021,0
ILSEILDAKEVAZZ_12_2021,0
ILSEILDAKEVAZZ_1_2022,0
ILSEILDAKEVAZZ_2_2022,0
ILEEOVANNOLAZZ_11_2021,0
ILEEOVANNOLAZZ_12_2021,0
ILEEOVANNOLAZZ_1_2022,0
ILEEOVANNOLAZZ_2_2022,0
ILEELENESUND_11_2021,0
ILEELENESUND_12_2021,0
ILEELENESUND_1_2022,0
ILEELENESUND_2_2022,0
ILEEHANGRUDOZZ_11_2021,0
ILEEHANGRUDOZZ_12_2021,0
ILEEHANGRUDOZZ_1_2022,0
ILEEHANGRUDOZZ_2_2022,0
ILEEALLYMALIZZ_11_2021,0
ILEEALLYMALIZZ_12_2021,0
ILEEALLYMALIZZ_1_2022,0
ILEEALLYMALIZZ_2_2022,0
HOWAUREAJULIZZ_11_2021,0
HOWAUREAJULIZZ_12_2021,0
HOWAUREAJULIZZ_1_2022,0
HOWAUREAJULIZZ_2_2022,0
HOWARUBYJAYEZZ_11_2021,0
HOWARUBYJAYEZZ_12_2021,0
HOWARUBYJAYEZZ_1_2022,0
HOWARUBYJAYEZZ_2_2022,0
HOWAREYASHLZZ_11_2021,0
HOWAREYASHLZZ_12_2021,0
HOWAREYASHLZZ_1_2022,0
HOWAREYASHLZZ_2_2022,0
HOWAESHADORE_11_2021,0
HOWAESHADORE_12_2021,0
HOWAESHADORE_1_2022,0
HOWAESHADORE_2_2022,0
HOWAALLYLAZAZZ_11_2021,0
HOWAALLYLAZAZZ_12_2021,0
HOWAALLYLAZAZZ_1_2022,0
HOWAALLYLAZAZZ_2_2022,0
HOWAALLYDONAZZ_11_2021,0
HOWAALLYDONAZZ_12_2021,0
HOWAALLYDONAZZ_1_2022,0
HOWAALLYDONAZZ_2_2022,0
HARLZAROSUNDZZ_11_2021,0
HARLZAROSUNDZZ_12_2021,0
HARLZAROSUNDZZ_1_2022,0
HARLZAROSUNDZZ_2_2022,0
HARLTTNYSIGR_11_2021,0
HARLTTNYSIGR_12_2021,0
HARLTTNYSIGR_1_2022,0
HARLTTNYSIGR_2_2022,0
HARLKEVAMICHZZ_11_2021,0
HARLKEVAMICHZZ_12_2021,0
HARLKEVAMICHZZ_1_2022,0
HARLKEVAMICHZZ_2_2022,0
HARLETTEANTO_11_2021,0
HARLETTEANTO_12_2021,0
HARLETTEANTO_1_2022,0
HARLETTEANTO_2_2022,0
HALRRONARLE_11_2021,0
HALRRONARLE_12_2021,0
HALRRONARLE_1_2022,0
HALRRONARLE_2_2022,0
HALGRIDKEVA_11_2021,0
HALGRIDKEVA_12_2021,0
HALGRIDKEVA_1_2022,0
HALGRIDKEVA_2_2022,0
HALEENAKAIT_11_2021,0
HALEENAKAIT_12_2021,0
HALEENAKAIT_1_2022,0
HALEENAKAIT_2_2022,0
HALARLACATHZZ_11_2021,0
HALARLACATHZZ_12_2021,0
HALARLACATHZZ_1_2022,0
HALARLACATHZZ_2_2022,0
HALANNACOREZZ_11_2021,0
HALANNACOREZZ_12_2021,0
HALANNACOREZZ_1_2022,0
HALANNACOREZZ_2_2022,0
GRAHZAROONEIZZ_11_2021,0
GRAHZAROONEIZZ_12_2021,0
GRAHZAROONEIZZ_1_2022,0
GRAHZAROONEIZZ_2_2022,0
GRAHLONARUTH_11_2021,0
GRAHLONARUTH_12_2021,0
GRAHLONARUTH_1_2022,0
GRAHLONARUTH_2_2022,0
GILDUANEHAL_11_2021,0
GILDUANEHAL_12_2021,0
GILDUANEHAL_1_2022,0
GILDUANEHAL_2_2022,0
GILDTNEYVICTZZ_11_2021,0
GILDTNEYVICTZZ_12_2021,0
GILDTNEYVICTZZ_1_2022,0
GILDTNEYVICTZZ_2_2022,0
GILDOLPHKAIT_11_2021,0
GILDOLPHKAIT_12_2021,0
GILDOLPHKAIT_1_2022,0
GILDOLPHKAIT_2_2022,0
GILDMONDLILLZZ_11_2021,0
GILDMONDLILLZZ_12_2021,0
GILDMONDLILLZZ_1_2022,0
GILDMONDLILLZZ_2_2022,0
GILDESHAPENN_11_2021,0
GILDESHAPENN_12_2021,0
GILDESHAPENN_1_2022,0
GILDESHAPENN_2_2022,0
GILDANHLYNE_11_2021,0
GILDANHLYNE_12_2021,0
GILDANHLYNE_1_2022,0
GILDANHLYNE_2_2022,0
GILDAHAMISAAZZ_11_2021,0
GILDAHAMISAAZZ_12_2021,0
GILDAHAMISAAZZ_1_2022,0
GILDAHAMISAAZZ_2_2022,0
ETHATLYNMAYNZZ_11_2021,0
ETHATLYNMAYNZZ_12_2021,0
ETHATLYNMAYNZZ_1_2022,0
ETHATLYNMAYNZZ_2_2022,0
ETHAMULABRITZZ_11_2021,0
ETHAMULABRITZZ_12_2021,0
ETHAMULABRITZZ_1_2022,0
ETHAMULABRITZZ_2_2022,0
ETHAKEVASHER_11_2021,0
ETHAKEVASHER_12_2021,0
ETHAKEVASHER_1_2022,0
ETHAKEVASHER_2_2022,0
ETHAICKIISAAZZ_11_2021,0
ETHAICKIISAAZZ_12_2021,0
ETHAICKIISAAZZ_1_2022,0
ETHAICKIISAAZZ_2_2022,0
ETHAICKIDONOZZ_11_2021,0
ETHAICKIDONOZZ_12_2021,0
ETHAICKIDONOZZ_1_2022,0
ETHAICKIDONOZZ_2_2022,0
ETHAHALMARXZZ_11_2021,0
ETHAHALMARXZZ_12_2021,0
ETHAHALMARXZZ_1_2022,0
ETHAHALMARXZZ_2_2022,0
ETHAEENAARTIZZ_11_2021,0
ETHAEENAARTIZZ_12_2021,0
ETHAEENAARTIZZ_1_2022,0
ETHAEENAARTIZZ_2_2022,0
ERICXIMOALBEZZ_11_2021,0
ERICXIMOALBEZZ_12_2021,0
ERICXIMOALBEZZ_1_2022,0
ERICXIMOALBEZZ_2_2022,0
ERICRICKPAMU_11_2021,0
ERICRICKPAMU_12_2021,0
ERICRICKPAMU_1_2022,0
ERICRICKPAMU_2_2022,0
ERICJENEERICZZ_11_2021,0
ERICJENEERICZZ_12_2021,0
ERICJENEERICZZ_1_2022,0
ERICJENEERICZZ_2_2022,0
ERICILSEWALL_11_2021,0
ERICILSEWALL_12_2021,0
ERICILSEWALL_1_2022,0
ERICILSEWALL_2_2022,0
ERICERTOGRAHZZ_11_2021,0
ERICERTOGRAHZZ_12_2021,0
ERICERTOGRAHZZ_1_2022,0
ERICERTOGRAHZZ_2_2022,0
ERICAHAMJULI_11_2021,0
ERICAHAMJULI_12_2021,0
ERICAHAMJULI_1_2022,0
ERICAHAMJULI_2_2022,0
ERICABERUDOZZ_11_2021,0
ERICABERUDOZZ_12_2021,0
ERICABERUDOZZ_1_2022,0
ERICABERUDOZZ_2_2022,0
ELROOVANRIGOZZ_11_2021,0
ELROOVANRIGOZZ_12_2021,0
ELROOVANRIGOZZ_1_2022,0
ELROOVANRIGOZZ_2_2022,0
ELROLEENHALZZ_11_2021,0
ELROLEENHALZZ_12_2021,0
ELROLEENHALZZ_1_2022,0
ELROLEENHALZZ_2_2022,0
ELLYILSEJULIZZ_11_2021,0
ELLYILSEJULIZZ_12_2021,0
ELLYILSEJULIZZ_1_2022,0
ELLYILSEJULIZZ_2_2022,0
ELLYGRIDMICH_11_2021,0
ELLYGRIDMICH_12_2021,0
ELLYGRIDMICH_1_2022,0
ELLYGRIDMICH_2_2022,0
ELLYEDESGILDZZ_11_2021,0
ELLYEDESGILDZZ_12_2021,0
ELLYEDESGILDZZ_1_2022,0
ELLYEDESGILDZZ_2_2022,0
ELIZKEVACARL_11_2021,0
ELIZKEVACARL_12_2021,0
ELIZKEVACARL_1_2022,0
ELIZKEVACARL_2_2022,0
ELIZJAYETHOR_11_2021,0
ELIZJAYETHOR_12_2021,0
ELIZJAYETHOR_1_2022,0
ELIZJAYETHOR_2_2022,0
ELIZHLIEAURE_11_2021,0
ELIZHLIEAURE_12_2021,0
ELIZHLIEAURE_1_2022,0
ELIZHLIEAURE_2_2022,0
DUANIBALREENZZ_11_2021,0
DUANIBALREENZZ_12_2021,0
DUANIBALREENZZ_1_2022,0
DUANIBALREENZZ_2_2022,0
DUANCHELBRITZZ_11_2021,0
DUANCHELBRITZZ_12_2021,0
DUANCHELBRITZZ_1_2022,0
DUANCHELBRITZZ_2_2022,0
DORESHIAILEEZZ_11_2021,0
DORESHIAILEEZZ_12_2021,0
DORESHIAILEEZZ_1_2022,0
DORESHIAILEEZZ_2_2022,0
DORESAACARMAZZ_11_2021,0
DORESAACARMAZZ_12_2021,0
DORESAACARMAZZ_1_2022,0
DORESAACARMAZZ_2_2022,0
DORERYNEBRITZZ_11_2021,0
DORERYNEBRITZZ_12_2021,0
DORERYNEBRITZZ_1_2022,0
DORERYNEBRITZZ_2_2022,0
DONOUDIEHANGZZ_11_2021,0
DONOUDIEHANGZZ_12_2021,0
DONOUDIEHANGZZ_1_2022,0
DONOUDIEHANGZZ_2_2022,0
DONOOLPHJULIZZ_11_2021,0
DONOOLPHJULIZZ_12_2021,0
DONOOLPHJULIZZ_1_2022,0
DONOOLPHJULIZZ_2_2022,0
DONONALDTERRZZ_11_2021,0
DONONALDTERRZZ_12_2021,0
DONONALDTERRZZ_1_2022,0
DONONALDTERRZZ_2_2022,0
DONOLIAMMAXI_11_2021,0
DONOLIAMMAXI_12_2021,0
DONOLIAMMAXI_1_2022,0
DONOLIAMMAXI_2_2022,0
DONOHANGREVAZZ_11_2021,0
DONOHANGREVAZZ_12_2021,0
DONOHANGREVAZZ_1_2022,0
DONOHANGREVAZZ_2_2022,0
DONOANHANH_11_2021,0
DONOANHANH_12_2021,0
DONOANHANH_1_2022,0
DONOANHANH_2_2022,0
DONASAACHOWAZZ_11_2021,0
DONASAACHOWAZZ_12_2021,0
DONASAACHOWAZZ_1_2022,0
DONASAACHOWAZZ_2_2022,0
DONARUBYLARIZZ_11_2021,0
DONARUBYLARIZZ_12_2021,0
DONARUBYLARIZZ_1_2022,0
DONARUBYLARIZZ_2_2022,0
DONARANGAURE_11_2021,0
DONARANGAURE_12_2021,0
DONARANGAURE_1_2022,0
DONARANGAURE_2_2022,0
DONAMARXJAYE_11_2021,0
DONAMARXJAYE_12_2021,0
DONAMARXJAYE_1_2022,0
DONAMARXJAYE_2_2022,0
DONAAHAMRHEBZZ_11_2021,0
DONAAHAMRHEBZZ_12_2021,0
DONAAHAMRHEBZZ_1_2022,0
DONAAHAMRHEBZZ_2_2022,0
DESMSHIAASHLZZ_11_2021,0
DESMSHIAASHLZZ_12_2021,0
DESMSHIAASHLZZ_1_2022,0
DESMSHIAASHLZZ_2_2022,0
DESMHORASUDIZZ_11_2021,0
DESMHORASUDIZZ_12_2021,0
DESMHORASUDIZZ_1_2022,0
DESMHORASUDIZZ_2_2022,0
DESMHEBAJAYEZZ_11_2021,0
DESMHEBAJAYEZZ_12_2021,0
DESMHEBAJAYEZZ_1_2022,0
DESMHEBAJAYEZZ_2_2022,0
CORELANDGILD_11_2021,0
CORELANDGILD_12_2021,0
CORELANDGILD_1_2022,0
CORELANDGILD_2_2022,0
COLLILSELARI_11_2021,0
COLLILSELARI_12_2021,0
COLLILSELARI_1_2022,0
COLLILSELARI_2_2022,0
COLLHLIEYOSHZZ_11_2021,0
COLLHLIEYOSHZZ_12_2021,0
COLLHLIEYOSHZZ_1_2022,0
COLLHLIEYOSHZZ_2_2022,0
CINDUANESUDIZZ_11_2021,0
CINDUANESUDIZZ_12_2021,0
CINDUANESUDIZZ_1_2022,0
CINDUANESUDIZZ_2_2022,0
CINDTNEYKRIS_11_2021,0
CINDTNEYKRIS_12_2021,0
CINDTNEYKRIS_1_2022,0
CINDTNEYKRIS_2_2022,0
CINDLINARIGO_11_2021,0
CINDLINARIGO_12_2021,0
CINDLINARIGO_1_2022,0
CINDLINARIGO_2_2022,0
CINDLEENMICH_11_2021,0
CINDLEENMICH_12_2021,0
CINDLEENMICH_1_2022,0
CINDLEENMICH_2_2022,0
CINDIBALDONOZZ_11_2021,0
CINDIBALDONOZZ_12_2021,0
CINDIBALDONOZZ_1_2022,0
CINDIBALDONOZZ_2_2022,0
CATHROBARTZZ_11_2021,0
CATHROBARTZZ_12_2021,0
CATHROBARTZZ_1_2022,0
CATHROBARTZZ_2_2022,0
CATHHALREYZZ_11_2021,0
CATHHALREYZZ_12_2021,0
CATHHALREYZZ_1_2022,0
CATHHALREYZZ_2_2022,0
CARLUTHEGILD_11_2021,0
CARLUTHEGILD_12_2021,0
CARLUTHEGILD_1_2022,0
CARLUTHEGILD_2_2022,0
CARLUANEMITCZZ_11_2021,0
CARLUANEMITCZZ_12_2021,0
CARLUANEMITCZZ_1_2022,0
CARLUANEMITCZZ_2_2022,0
CARLTINEHAL_11_2021,0
CARLTINEHAL_12_2021,0
CARLTINEHAL_1_2022,0
CARLTINEHAL_2_2022,0
CARLRICKLAKEZZ_11_2021,0
CARLRICKLAKEZZ_12_2021,0
CARLRICKLAKEZZ_1_2022,0
CARLRICKLAKEZZ_2_2022,0
CARLLEENGRAH_11_2021,0
CARLLEENGRAH_12_2021,0
CARLLEENGRAH_1_2022,0
CARLLEENGRAH_2_2022,0
CARLERINCINDZZ_11_2021,0
CARLERINCINDZZ_12_2021,0
CARLERINCINDZZ_1_2022,0
CARLERINCINDZZ_2_2022,0
CANDETTEMAXIZZ_11_2021,0
CANDETTEMAXIZZ_12_2021,0
CANDETTEMAXIZZ_1_2022,0
CANDETTEMAXIZZ_2_2022,0
CANDENNEARTIZZ_11_2021,0
CANDENNEARTIZZ_12_2021,0
CANDENNEARTIZZ_1_2022,0
CANDENNEARTIZZ_2_2022,0
BRITTINERUTH_11_2021,0
BRITTINERUTH_12_2021,0
BRITTINERUTH_1_2022,0
BRITTINERUTH_2_2022,0
BRITRYNERUBYZZ_11_2021,0
BRITRYNERUBYZZ_12_2021,0
BRITRYNERUBYZZ_1_2022,0
BRITRYNERUBYZZ_2_2022,0
BRITNARDONEI_11_2021,0
BRITNARDONEI_12_2021,0
BRITNARDONEI_1_2022,0
BRITNARDONEI_2_2022,0
BRITLINAILSEZZ_11_2021,0
BRITLINAILSEZZ_12_2021,0
BRITLINAILSEZZ_1_2022,0
BRITLINAILSEZZ_2_2022,0
BRITERINDESM_11_2021,0
BRITERINDESM_12_2021,0
BRITERINDESM_1_2022,0
BRITERINDESM_2_2022,0
BRITEIDALAKE_11_2021,0
BRITEIDALAKE_12_2021,0
BRITEIDALAKE_1_2022,0
BRITEIDALAKE_2_2022,0
BRITABEREEN_11_2021,0
BRITABEREEN_12_2021,0
BRITABEREEN_1_2022,0
BRITABEREEN_2_2022,0
AURESAACDONOZZ_11_2021,0
AURESAACDONOZZ_12_2021,0
AURESAACDONOZZ_1_2022,0
AURESAACDONOZZ_2_2022,0
AUREOLPHNOVEZZ_11_2021,0
AUREOLPHNOVEZZ_12_2021,0
AUREOLPHNOVEZZ_1_2022,0
AUREOLPHNOVEZZ_2_2022,0
AURENOLASAMA_11_2021,0
AURENOLASAMA_12_2021,0
AURENOLASAMA_1_2022,0
AURENOLASAMA_2_2022,0
AUREJENELAKEZZ_11_2021,0
AUREJENELAKEZZ_12_2021,0
AUREJENELAKEZZ_1_2022,0
AUREJENELAKEZZ_2_2022,0
ASHLTLEYNOLAZZ_11_2021,0
ASHLTLEYNOLAZZ_12_2021,0
ASHLTLEYNOLAZZ_1_2022,0
ASHLTLEYNOLAZZ_2_2022,0
ASHLNALDJULI_11_2021,0
ASHLNALDJULI_12_2021,0
ASHLNALDJULI_1_2022,0
ASHLNALDJULI_2_2022,0
ASHLESHALAZA_11_2021,0
ASHLESHALAZA_12_2021,0
ASHLESHALAZA_1_2022,0
ASHLESHALAZA_2_2022,0
ASHLALLYTRANZZ_11_2021,0
ASHLALLYTRANZZ_12_2021,0
ASHLALLYTRANZZ_1_2022,0
ASHLALLYTRANZZ_2_2022,0
ARVIUREAILEE_11_2021,0
ARVIUREAILEE_12_2021,0
ARVIUREAILEE_1_2022,0
ARVIUREAILEE_2_2022,0
ARVICHELPENNZZ_11_2021,0
ARVICHELPENNZZ_12_2021,0
ARVICHELPENNZZ_1_2022,0
ARVICHELPENNZZ_2_2022,0
ARTRENEWHIT_11_2021,0
ARTRENEWHIT_12_2021,0
ARTRENEWHIT_1_2022,0
ARTRENEWHIT_2_2022,0
ARTISAACMICH_11_2021,0
ARTISAACMICH_12_2021,0
ARTISAACMICH_1_2022,0
ARTISAACMICH_2_2022,0
ARTIRANGELRO_11_2021,0
ARTIRANGELRO_12_2021,0
ARTIRANGELRO_1_2022,0
ARTIRANGELRO_2_2022,0
ARTILANDARTI_11_2021,0
ARTILANDARTI_12_2021,0
ARTILANDARTI_1_2022,0
ARTILANDARTI_2_2022,0
ARTIERINILSE_11_2021,0
ARTIERINILSE_12_2021,0
ARTIERINILSE_1_2022,0
ARTIERINILSE_2_2022,0
ARTETTAREEN_11_2021,0
ARTETTAREEN_12_2021,0
ARTETTAREEN_1_2022,0
ARTETTAREEN_2_2022,0
ARTALLYMITCZZ_11_2021,0
ARTALLYMITCZZ_12_2021,0
ARTALLYMITCZZ_1_2022,0
ARTALLYMITCZZ_2_2022,0
ARMASAACASHLZZ_11_2021,0
ARMASAACASHLZZ_12_2021,0
ARMASAACASHLZZ_1_2022,0
ARMASAACASHLZZ_2_2022,0
ARMAICKIAUREZZ_11_2021,0
ARMAICKIAUREZZ_12_2021,0
ARMAICKIAUREZZ_1_2022,0
ARMAICKIAUREZZ_2_2022,0
ARLEZARORHEBZZ_11_2021,0
ARLEZARORHEBZZ_12_2021,0
ARLEZARORHEBZZ_1_2022,0
ARLEZARORHEBZZ_2_2022,0
ARLERTHAJAYEZZ_11_2021,0
ARLERTHAJAYEZZ_12_2021,0
ARLERTHAJAYEZZ_1_2022,0
ARLERTHAJAYEZZ_2_2022,0
ARLEOVANROBZZ_11_2021,0
ARLEOVANROBZZ_12_2021,0
ARLEOVANROBZZ_1_2022,0
ARLEOVANROBZZ_2_2022,0
ARLEOLPHWHITZZ_11_2021,0
ARLEOLPHWHITZZ_12_2021,0
ARLEOLPHWHITZZ_1_2022,0
ARLEOLPHWHITZZ_2_2022,0
ARLENARDLAKE_11_2021,0
ARLENARDLAKE_12_2021,0
ARLENARDLAKE_1_2022,0
ARLENARDLAKE_2_2022,0
ARLEMONDROSEZZ_11_2021,0
ARLEMONDROSEZZ_12_2021,0
ARLEMONDROSEZZ_1_2022,0
ARLEMONDROSEZZ_2_2022,0
ARLEETTAAURE_11_2021,0
ARLEETTAAURE_12_2021,0
ARLEETTAAURE_1_2022,0
ARLEETTAAURE_2_2022,0
ARLEENNYARTI_11_2021,0
ARLEENNYARTI_12_2021,0
ARLEENNYARTI_1_2022,0
ARLEENNYARTI_2_2022,0
ARLEARTWHITZZ_11_2021,0
ARLEARTWHITZZ_12_2021,0
ARLEARTWHITZZ_1_2022,0
ARLEARTWHITZZ_2_2022,0
ARLEAHAMALONZZ_11_2021,0
ARLEAHAMALONZZ_12_2021,0
ARLEAHAMALONZZ_1_2022,0
ARLEAHAMALONZZ_2_2022,0
ANTOROBLEAT_11_2021,0
ANTOROBLEAT_12_2021,0
ANTOROBLEAT_1_2022,0
ANTOROBLEAT_2_2022,0
ANTOREYTHOR_11_2021,0
ANTOREYTHOR_12_2021,0
ANTOREYTHOR_1_2022,0
ANTOREYTHOR_2_2022,0
ANTONOLAISAAZZ_11_2021,0
ANTONOLAISAAZZ_12_2021,0
ANTONOLAISAAZZ_1_2022,0
ANTONOLAISAAZZ_2_2022,0
ANIBREYCIND_11_2021,0
ANIBREYCIND_12_2021,0
ANIBREYCIND_1_2022,0
ANIBREYCIND_2_2022,0
ANIBOLPHREVAZZ_11_2021,0
ANIBOLPHREVAZZ_12_2021,0
ANIBOLPHREVAZZ_1_2022,0
ANIBOLPHREVAZZ_2_2022,0
ANIBNDISJAYEZZ_11_2021,0
ANIBNDISJAYEZZ_12_2021,0
ANIBNDISJAYEZZ_1_2022,0
ANIBNDISJAYEZZ_2_2022,0
ANIBMBERJULI_11_2021,0
ANIBMBERJULI_12_2021,0
ANIBMBERJULI_1_2022,0
ANIBMBERJULI_2_2022,0
ANIBLIAMMAXIZZ_11_2021,0
ANIBLIAMMAXIZZ_12_2021,0
ANIBLIAMMAXIZZ_1_2022,0
ANIBLIAMMAXIZZ_2_2022,0
ANIBJAYEGILDZZ_11_2021,0
ANIBJAYEGILDZZ_12_2021,0
ANIBJAYEGILDZZ_1_2022,0
ANIBJAYEGILDZZ_2_2022,0
ANIBHLIEKRISZZ_11_2021,0
ANIBHLIEKRISZZ_12_2021,0
ANIBHLIEKRISZZ_1_2022,0
ANIBHLIEKRISZZ_2_2022,0
ANIBETHAJULIZZ_11_2021,0
ANIBETHAJULIZZ_12_2021,0
ANIBETHAJULIZZ_1_2022,0
ANIBETHAJULIZZ_2_2022,0
ANIBAHAMKARR_11_2021,0
ANIBAHAMKARR_12_2021,0
ANIBAHAMKARR_1_2022,0
ANIBAHAMKARR_2_2022,0
ANHMARXREENZZ_11_2021,0
ANHMARXREENZZ_12_2021,0
ANHMARXREENZZ_1_2022,0
ANHMARXREENZZ_2_2022,0
ANHEENARUDOZZ_11_2021,0
ANHEENARUDOZZ_12_2021,0
ANHEENARUDOZZ_1_2022,0
ANHEENARUDOZZ_2_2022,0
ANHANHILSEZZ_11_2021,0
ANHANHILSEZZ_12_2021,0
ANHANHILSEZZ_1_2022,0
ANHANHILSEZZ_2_2022,0
AMBENORACIND_11_2021,0
AMBENORACIND_12_2021,0
AMBENORACIND_1_2022,0
AMBENORACIND_2_2022,0
AMBEIBALCOLLZZ_11_2021,0
AMBEIBALCOLLZZ_12_2021,0
AMBEIBALCOLLZZ_1_2022,0
AMBEIBALCOLLZZ_2_2022,0
AMBEELIABRITZZ_11_2021,0
AMBEELIABRITZZ_12_2021,0
AMBEELIABRITZZ_1_2022,0
AMBEELIABRITZZ_2_2022,0
ALONSHIADUANZZ_11_2021,0
ALONSHIADUANZZ_12_2021,0
ALONSHIADUANZZ_1_2022,0
ALONSHIADUANZZ_2_2022,0
ALONRTIEARLEZZ_11_2021,0
ALONRTIEARLEZZ_12_2021,0
ALONRTIEARLEZZ_1_2022,0
ALONRTIEARLEZZ_2_2022,0
ALONLEENLUANZZ_11_2021,0
ALONLEENLUANZZ_12_2021,0
ALONLEENLUANZZ_1_2022,0
ALONLEENLUANZZ_2_2022,0
ALONETTELAVEZZ_11_2021,0
ALONETTELAVEZZ_12_2021,0
ALONETTELAVEZZ_1_2022,0
ALONETTELAVEZZ_2_2022,0
ALONETTASHERZZ_11_2021,0
ALONETTASHERZZ_12_2021,0
ALONETTASHERZZ_1_2022,0
ALONETTASHERZZ_2_2022,0
ALONANDALAKE_11_2021,0
ALONANDALAKE_12_2021,0
ALONANDALAKE_1_2022,0
ALONANDALAKE_2_2022,0
ALONALLYKATH_11_2021,0
ALONALLYKATH_12_2021,0
ALONALLYKATH_1_2022,0
ALONALLYKATH_2_2022,0
ALBERRONMAYN_11_2021,0
ALBERRONMAYN_12_2021,0
ALBERRONMAYN_1_2022,0
ALBERRONMAYN_2_2022,0
ALBERRONLYNEZZ_11_2021,0
ALBERRONLYNEZZ_12_2021,0
ALBERRONLYNEZZ_1_2022,0
ALBERRONLYNEZZ_2_2022,0
ALBELINAJULI_11_2021,0
ALBELINAJULI_12_2021,0
ALBELINAJULI_1_2022,0
ALBELINAJULI_2_2022,0
ALBEATHAPENNZZ_11_2021,0
ALBEATHAPENNZZ_12_2021,0
ALBEATHAPENNZZ_1_2022,0
ALBEATHAPENNZZ_2_2022,0
ABEWARDREYZZ_11_2021,0
ABEWARDREYZZ_12_2021,0
ABEWARDREYZZ_1_2022,0
ABEWARDREYZZ_2_2022,0
ABERTHAKEVAZZ_11_2021,0
ABERTHAKEVAZZ_12_2021,0
ABERTHAKEVAZZ_1_2022,0
ABERTHAKEVAZZ_2_2022,0
ABEETTEABE_11_2021,0
ABEETTEABE_12_2021,0
ABEETTEABE_1_2022,0
ABEETTEABE_2_2022,0
ABEENNEARMAZZ_11_2021,0
ABEENNEARMAZZ_12_2021,0
ABEENNEARMAZZ_1_2022,0
ABEENNEARMAZZ_2_2022,0
ABEAHAMASHL_11_2021,0
ABEAHAMASHL_12_2021,0
ABEAHAMASHL_1_2022,0
ABEAHAMASHL_2_2022,0
